{"loss": [1.3708343505859375, 0.4435146749019623, 0.268887996673584, 0.18072059750556946, 0.1340552270412445, 0.10732319205999374, 0.08902649581432343, 0.07183221727609634, 0.06437379866838455, 0.05600929260253906], "accuracy": [0.5964720249176025, 0.8592645525932312, 0.9134789109230042, 0.9405505657196045, 0.9560139179229736, 0.9644355773925781, 0.9709794521331787, 0.9776086211204529, 0.9795433282852173, 0.9816629886627197], "val_loss": [0.553799033164978, 0.343863844871521, 0.20662294328212738, 0.20901665091514587, 0.21744616329669952, 0.17679911851882935, 0.11263993382453918, 0.11630243808031082, 0.1350870579481125, 0.10170791298151016], "val_accuracy": [0.8279649615287781, 0.8903937935829163, 0.9309697151184082, 0.9334737062454224, 0.9299453496932983, 0.9436603784561157, 0.9644320607185364, 0.9623833298683167, 0.9614158868789673, 0.9714887142181396]}